officialId,number,firstName,lastName,position,startYear,notes
99-CORRENTE,99,Tony,Corrente,R,1994,{referee:1998}
52-VINOVICH,52,Bill,Vinovich,R,2005,{referee:2004}
23-BOGER,23,Jerome,Boger,R,2003,{referee:2006}
51-CHEFFERS,51,Carl,Cheffers,R,1999,{referee:2008}
34-BLAKEMAN,34,Clete,Blakeman,R,2007,{referee:2010}
4-WROLSTAD,4,Craig,Wrolstad,R,2002,{referee:2014}
62-TORBERT,62,Ron,Torbert,R,2009,{referee:2014}
122-ALLEN,122,Brad,Allen,R,2013,{referee:2014}
35-HUSSEY,35,John,Hussey,R,2001,{referee:2015}
83-HOCHULI,83,Shawn,Hochuli,R,2013,{referee:2018}
55-KEMP,55,Alex,Kemp,R,2013,{referee:2018}
19-MARTIN,19,Clay,Martin,R,2014,{referee:2018}
14-SMITH,14,Shawn,Smith,R,2014,{referee:2018}
29-HILL,29,Adrian,Hill,R,2009,{referee:2019}
1-NOVAK,1,Scott,Novak,R,2013,{referee:2019}
126-ROGERS,126,Brad,Rogers,R,2016,{referee:2019}
130-CLARK,130,Land,Clark,R,2017,{referee:2020}
124-PAGANELLI,124,Carl,Paganelli,U,1999,
115-MICHALEK,115,Tony,Michalek,U,2001,
81-ELLISON,81,Roy,Ellison,U,2002,
64-FERRELL,64,Dan,Ferrell,U,2002,
49-HALL,49,Rich,Hall,U,2003,
71-FOWLER,71,Ruben,Fowler,U,2005,
102-STRITESKY,102,Bruce,Stritesky,U,2005,
20-ANDERSON,20,Barry,Anderson,U,2006,
11-BRYAN,11,Fred,Bryan,U,2008,
121-KING,121,Paul,King,U,2008,
92-NEALE,92,Bryan,Neale,U,2013,
131-PELLIS,131,Mark,Pellis,U,2013,
76-ECK,76,Alan,Eck,U,2015,
128-GEORGE,128,Ramón,George,U,2015,
54-WOODS,54,Steve,Woods,U,2016,
77-KILLENS,77,Terry,Killens,U,2018,
28-HITTNER,28,Mark,Hittner,DJ,1996,
68-STEPHAN,68,Tom,Stephan,DJ,1998,
134-CAMP,134,Ed,Camp,DJ,1999,
91-BERGMAN,91,Jerry,Bergman,DJ,2001,
74-BOWERS,74,Derick,Bowers,DJ,2002,
48-MELLO,48,Jim,Mello,DJ,2003,
79-PAYNE,79,Kent,Payne,DJ,2003,
8-MCKENZIE,8,Dana,McKenzie,DJ,2007,
13-TURNER,13,Patrick,Turner,DJ,2013,
16-CODEY,16,Kevin,Codey,DJ,2014,
53-THOMAS,53,Sarah,Thomas,DJ,2014,
6-PHILLIPS,6,Jerod,Phillips,DJ,2015,
63-CARR,63,Mike,Carr,DJ,2016,
24-OLIVER,24,David,Oliver,DJ,2016,
113-SHORT,113,Danny,Short,DJ,2016,
106-HOLT,106,Patrick,Holt,DJ,2018,
32-BERGMAN,32,Jeff,Bergman,LJ,1991,
84-STEINKERCHNER,84,Mark,Steinkerchner,LJ,1993,
108-ARTHUR,108,Gary,Arthur,LJ,1996,
9-PERLMAN,9,Mark,Perlman,LJ,2000,
45-SEEMAN,45,Jeff,Seeman,LJ,2001,
101-JOHNSON,101,Carl,Johnson,LJ,2003,
100-SYMONETTE,100,Tom,Symonette,LJ,2003,
47-PODRAZA,47,Tim,Podraza,LJ,2007,
98-BRADLEY,98,Greg,Bradley,LJ,2008,
10-MAPP,10,Julian,Mapp,LJ,2008,
59-BAYNES,59,Rusty,Baynes,LJ,2009,
65-COLEMAN-IV,65,Walt,Coleman IV,LJ,2014,
2-LONGSON,2,Bart,Longson,LJ,2014,
40-BOLINGER,40,Brian,Bolinger,LJ,2016,
75-STEWART,75,Mark,Stewart,LJ,2017,
37-SUTTER,37,Tripp,Sutter,LJ,2018,
97-HILL,97,Tom,Hill,FJ,1998,
72-BANKS,72,Michael,Banks,FJ,2001,
116-WEATHERFORD,116,Mike,Weatherford,FJ,2001,
43-BROWN,43,Terry,Brown,FJ,2005,
109-PRIOLEAU,109,Dyrol,Prioleau,FJ,2006,
56-BAYNES,56,Allen,Baynes,FJ,2007,
7-WASHINGTON,7,Keith,Washington,FJ,2007,
118-MESLOW,118,David,Meslow,FJ,2010,
117-JENKINS,117,John,Jenkins,FJ,2013,
50-SANTI,50,Aaron,Santi,FJ,2014,
25-DICKSON,25,Ryan,Dickson,FJ,2016,
31-ROBINSON,31,Mearl,Robinson,FJ,2016,
130-CLARK,130,Land,Clark,FJ,2017,
36-JEFFRIES,36,Anthony,Jeffries,FJ,2017,
42-JONES,42,Nate,Jones,FJ,2018,
41-CHEEK,41,Boris,Cheek,SJ,1995,
15-PATTERSON,15,Rick,Patterson,SJ,1995,
3-EDWARDS,3,Scott,Edwards,SJ,1998,
80-GAUTREAUX,80,Greg,Gautreaux,SJ,2001,
21-LAMBERTH,21,Jeff,Lamberth,SJ,2001,
60-CAVALETTO,60,Gary,Cavaletto,SJ,2002,
95-COLEMAN,95,James,Coleman,SJ,2004,
86-BUCHANAN,86,Jimmy,Buchanan,SJ,2008,
5-QUIRK,5,Jim,Quirk,SJ,2009,
104-SHAW,104,Dale,Shaw,SJ,2012,
103-HALL,103,Eugene,Hall,SJ,2013,
120-MONROE,120,Jonah,Monroe,SJ,2014,
26-WALKER,26,Jabir,Walker,SJ,2014,
125-HILL,125,Chad,Hill,SJ,2017,
58-WILLARD,58,Don,Willard,SJ,2017,
107-HAWKSHAW,107,Dave,Hawkshaw,SJ,2018,
82-RUSSELL,82,Jimmy,Russell,SJ,2018,
46-PAGANELLI,46,Perry,Paganelli,BJ,1997,
61-FERGUSON,61,Keith,Ferguson,BJ,1999,
112-STERATORE,112,Tony,Steratore,BJ,1999,
133-FREEMAN,133,Steve,Freeman,BJ,2000,
78-MEYER,78,Greg,Meyer,BJ,2001,
93-HELVERSON,93,Scott,Helverson,BJ,2002,
12-STEED,12,Greg,Steed,BJ,2002,
105-PAGANELLI,105,Dino,Paganelli,BJ,2005,
111-MILES,111,Terrence,Miles,BJ,2007,
119-WILSON,119,Greg,Wilson,BJ,2007,
30-PRUKOP,30,Todd,Prukop,BJ,2008,
38-YETTE,38,Greg,Yette,BJ,2009,
88-FREEMAN,88,Brad,Freeman,BJ,2013,
39-MARTINEZ,39,Rich,Martinez,BJ,2013,
17-PATRICK,17,Steve,Patrick,BJ,2013,
96-EDWARDS,96,Matt,Edwards,BJ,2017,
67-JOSSELYN,67,Tony,Josselyn,BJ,2017,
22-ZIMMER,22,Steve,Zimmer,FJ,2020,
18-BOSTON,18,Byron,Boston,LJ,1990,
22-STELLJES,22,Steve,Stelljes,DJ,2000,
135-MORELLI,135,Pete,Morelli,R,1990,
33-ZIMMER,33,Steve,Zimmer,FJ,1990,
65-COLEMAN,65,Walt,Coleman,R,1990,
132-PARRY,132,John,Parry,R,2000,
44-RICE,44,Jeff,Rice,U,1995,
90-SPANIER,90,Mike,Spanier,DJ,2000,
110-MCKINNELY,110,Phil,McKinnely,DJ,2000,
129-SCHUSTER,129,Bill,Schuster,U,2000,
66-ANDERSON,66,Walt,Anderson,R,1995,
73-LARREW,73,Joe,Larrew,SJ,2000,
27-DYER,27,Lee,Dyer,BJ,2000,
85-HOCHULI,85,Ed,Hochuli,R,1994,
67-ROSENBAUM,67,Doug,Rosenbaum,SJ,2000,
25-WAGGONER,25,Bob,Waggoner,FJ,1995,
106-MACKIE,106,Wayne,Mackie,DJ,2000,
120-MCGRATH,120,John,McGrath,DJ,2000,
76-VERNATCHI,76,Rob,Vernatchi,SJ,2000,
82-HORTON,82,Buddy,Horton,FJ,2000,
125-HAYES,125,Laird,Hayes,SJ,1995,
42-TRIPLETTE,42,Jeff ,Triplette,R,1995,
37-HOWEY,37,Jim,Howey,DJ,2000,
107-MARINUCCI,107,Ron,Marinucci,LJ,2000,
94-CRUZ,94,Hugo,Cruz,DJ,2015,
77-MCAULAY,77,Terry,McAulay,R,2000,
114-STERATORE,114,Gene,Steratore,R,2000,
40-HANNAH,40,Butch,Hannah,U,2000,